ingredient_clean,true_manufacturer_count
ABACAVIR SULFATE,6
ABACAVIR SULFATE;DOLUTEGRAVIR SODIUM;LAMIVUDINE,1
ABACAVIR SULFATE;LAMIVUDINE,5
ABALOPARATIDE,1
ABEMACICLIB,1
ABIRATERONE ACETATE,14
ABIRATERONE ACETATE;NIRAPARIB TOSYLATE,1
ABROCITINIB,1
ACALABRUTINIB,1
ACALABRUTINIB MALEATE,1
ACAMPROSATE CALCIUM,4
ACARBOSE,6
ACEBUTOLOL HYDROCHLORIDE,2
ACECLIDINE HYDROCHLORIDE,1
ACETAMINOPHEN,20
ACETAMINOPHEN;ASPIRIN;CAFFEINE,4
ACETAMINOPHEN;BUTALBITAL,8
ACETAMINOPHEN;BUTALBITAL;CAFFEINE,15
ACETAMINOPHEN;BUTALBITAL;CAFFEINE;CODEINE PHOSPHATE,3
ACETAMINOPHEN;CODEINE PHOSPHATE,8
ACETAMINOPHEN;HYDROCODONE BITARTRATE,17
ACETAMINOPHEN;IBUPROFEN,11
ACETAMINOPHEN;IBUPROFEN SODIUM,1
ACETAMINOPHEN;OXYCODONE HYDROCHLORIDE,17
ACETAMINOPHEN;TRAMADOL HYDROCHLORIDE,6
ACETAZOLAMIDE,20
ACETAZOLAMIDE SODIUM,6
"ACETIC ACID, GLACIAL",5
"ACETIC ACID, GLACIAL;HYDROCORTISONE",3
ACETOHYDROXAMIC ACID,1
ACETYLCHOLINE CHLORIDE,1
ACETYLCYSTEINE,14
ACITRETIN,6
ACLIDINIUM BROMIDE,1
ACLIDINIUM BROMIDE;FORMOTEROL FUMARATE,1
ACOLTREMON,1
ACORAMIDIS HYDROCHLORIDE,1
ACYCLOVIR,32
ACYCLOVIR SODIUM,4
ACYCLOVIR;HYDROCORTISONE,1
ADAGRASIB,1
ADAPALENE,9
ADAPALENE;BENZOYL PEROXIDE,9
ADAPALENE;BENZOYL PEROXIDE;CLINDAMYCIN PHOSPHATE,1
ADEFOVIR DIPIVOXIL,2
ADENOSINE,9
AFAMELANOTIDE,1
AFATINIB DIMALEATE,1
AFICAMTEN,1
AIR POLYMER-TYPE A,1
ALBENDAZOLE,6
ALBUMIN HUMAN,1
ALBUTEROL SULFATE,29
ALBUTEROL SULFATE;BUDESONIDE,1
ALBUTEROL SULFATE;IPRATROPIUM BROMIDE,5
ALCAFTADINE,3
ALCLOMETASONE DIPROPIONATE,2
ALCOHOL;CHLORHEXIDINE GLUCONATE,1
ALECTINIB HYDROCHLORIDE,1
ALENDRONATE SODIUM,10
ALENDRONATE SODIUM;CHOLECALCIFEROL,1
ALFENTANIL HYDROCHLORIDE,1
ALFUZOSIN HYDROCHLORIDE,5
ALISKIREN HEMIFUMARATE,2
ALITRETINOIN,1
ALLOPURINOL,14
ALLOPURINOL SODIUM,3
ALMOTRIPTAN MALATE,3
ALOGLIPTIN BENZOATE,1
ALOGLIPTIN BENZOATE;METFORMIN HYDROCHLORIDE,1
ALOGLIPTIN BENZOATE;PIOGLITAZONE HYDROCHLORIDE,1
ALOSETRON HYDROCHLORIDE,5
ALPELISIB,1
ALPHA-TOCOPHEROL ACETATE;ASCORBIC ACID;BIOTIN;CHOLECALCIFEROL;CYANOCOBALAMIN;DEXPANTHENOL;FOLIC ACID;NIACINAMIDE;PYRIDOXINE HYDROCHLORIDE;RIBOFLAVIN 5'-PHOSPHATE SODIUM;THIAMINE HYDROCHLORIDE;VITAMIN A PALMITATE;VITAMIN K,1
ALPRAZOLAM,10
ALPROSTADIL,4
ALVIMOPAN,3
AMANTADINE HYDROCHLORIDE,20
AMBRISENTAN,9
AMCINONIDE,4
AMIFAMPRIDINE PHOSPHATE,1
AMIKACIN SULFATE,7
AMILORIDE HYDROCHLORIDE,3
AMILORIDE HYDROCHLORIDE;HYDROCHLOROTHIAZIDE,2
AMINO ACIDS,4
"AMINO ACIDS;CALCIUM CHLORIDE;DEXTROSE;MAGNESIUM CHLORIDE;POTASSIUM PHOSPHATE, DIBASIC;SODIUM ACETATE;SODIUM CHLORIDE",1
AMINO ACIDS;CALCIUM CHLORIDE;DEXTROSE;MAGNESIUM SULFATE;POTASSIUM CHLORIDE;SODIUM ACETATE;SODIUM GLYCEROPHOSPHATE;SOYBEAN OIL,1
AMINO ACIDS;DEXTROSE,1
AMINOCAPROIC ACID,16
AMINOLEVULINIC ACID HYDROCHLORIDE,3
AMINOPHYLLINE,1
AMINOSALICYLIC ACID,1
AMIODARONE HYDROCHLORIDE,16
AMISULPRIDE,1
AMITRIPTYLINE HYDROCHLORIDE,10
AMITRIPTYLINE HYDROCHLORIDE;CHLORDIAZEPOXIDE,1
AMITRIPTYLINE HYDROCHLORIDE;PERPHENAZINE,1
AMLODIPINE BENZOATE,1
AMLODIPINE BESYLATE,22
AMLODIPINE BESYLATE;ATORVASTATIN CALCIUM,6
AMLODIPINE BESYLATE;BENAZEPRIL HYDROCHLORIDE,6
AMLODIPINE BESYLATE;HYDROCHLOROTHIAZIDE;OLMESARTAN MEDOXOMIL,8
AMLODIPINE BESYLATE;HYDROCHLOROTHIAZIDE;VALSARTAN,5
AMLODIPINE BESYLATE;OLMESARTAN MEDOXOMIL,10
AMLODIPINE BESYLATE;TELMISARTAN,1
AMLODIPINE BESYLATE;VALSARTAN,9
AMMONIA N-13,24
AMMONIUM CHLORIDE,1
AMMONIUM LACTATE,3
AMOXAPINE,2
AMOXICILLIN,8
AMOXICILLIN;CLARITHROMYCIN;LANSOPRAZOLE,2
AMOXICILLIN;CLARITHROMYCIN;VONOPRAZAN FUMARATE,1
AMOXICILLIN;CLAVULANATE POTASSIUM,9
AMOXICILLIN;OMEPRAZOLE MAGNESIUM;RIFABUTIN,1
AMOXICILLIN;VONOPRAZAN FUMARATE,1
AMPHETAMINE,2
AMPHETAMINE ASPARTATE;AMPHETAMINE SULFATE;DEXTROAMPHETAMINE SACCHARATE;DEXTROAMPHETAMINE SULFATE,23
AMPHETAMINE SULFATE,11
AMPHETAMINE;AMPHETAMINE ASPARTATE/DEXTROAMPHETAMINE SULFATE,1
AMPHOTERICIN B,6
AMPICILLIN SODIUM,8
AMPICILLIN SODIUM;SULBACTAM SODIUM,9
AMPICILLIN/AMPICILLIN TRIHYDRATE,2
ANAGRELIDE HYDROCHLORIDE,5
ANASTROZOLE,9
ANGIOTENSIN II ACETATE,2
ANIDULAFUNGIN,1
APALUTAMIDE,2
APIXABAN,4
APOMORPHINE HYDROCHLORIDE,3
APRACLONIDINE HYDROCHLORIDE,2
APREMILAST,6
APREPITANT,7
APROCITENTAN,1
ARFORMOTEROL TARTRATE,16
ARGATROBAN,10
ARGININE HYDROCHLORIDE,1
ARIMOCLOMOL CITRATE,1
ARIPIPRAZOLE,24
ARIPIPRAZOLE LAUROXIL,1
ARMODAFINIL,6
ARSENIC TRIOXIDE,11
ARTEMETHER;LUMEFANTRINE,1
ARTESUNATE,1
ARTICAINE HYDROCHLORIDE;EPINEPHRINE BITARTRATE,2
ASCIMINIB HYDROCHLORIDE,1
ASCORBIC ACID,2
ASCORBIC ACID;BIOTIN;CHOLECALCIFEROL;CYANOCOBALAMIN;DEXPANTHENOL;FOLIC ACID;NIACINAMIDE;PYRIDOXINE;RIBOFLAVIN;THIAMINE;TOCOPHEROL ACETATE;VITAMIN A;VITAMIN K,1
ASCORBIC ACID;POLYETHYLENE GLYCOL 3350;POTASSIUM CHLORIDE;SODIUM ASCORBATE;SODIUM CHLORIDE;SODIUM SULFATE,2
ASENAPINE,1
ASENAPINE MALEATE,4
ASPIRIN,1
ASPIRIN;BUTALBITAL;CAFFEINE,2
ASPIRIN;BUTALBITAL;CAFFEINE;CODEINE PHOSPHATE,2
ASPIRIN;CAFFEINE;ORPHENADRINE CITRATE,1
ASPIRIN;DIPYRIDAMOLE,8
ASPIRIN;HYDROCODONE BITARTRATE,1
ASPIRIN;OXYCODONE HYDROCHLORIDE,2
ATAZANAVIR SULFATE,5
ATAZANAVIR SULFATE;COBICISTAT,1
ATENOLOL,10
ATENOLOL;CHLORTHALIDONE,6
ATOGEPANT,1
ATOMOXETINE HYDROCHLORIDE,8
ATORVASTATIN CALCIUM,24
ATORVASTATIN CALCIUM;EZETIMIBE,1
ATOVAQUONE,8
ATOVAQUONE;PROGUANIL HYDROCHLORIDE,3
ATRACURIUM BESYLATE,3
ATRASENTAN HYDROCHLORIDE,1
ATROPINE SULFATE,14
ATROPINE SULFATE;DIFENOXIN HYDROCHLORIDE,1
ATROPINE SULFATE;DIPHENOXYLATE HYDROCHLORIDE,9
ATROPINE;PRALIDOXIME CHLORIDE,1
AURANOFIN,1
AVACINCAPTAD PEGOL SODIUM,1
AVACOPAN,1
AVANAFIL,2
AVAPRITINIB,1
AVATROMBOPAG MALEATE,1
AVIBACTAM SODIUM;AZTREONAM,1
AVIBACTAM SODIUM;CEFTAZIDIME,1
AVOBENZONE;ECAMSULE;OCTOCRYLENE,1
AVOBENZONE;ECAMSULE;OCTOCRYLENE;TITANIUM DIOXIDE,1
AVUTOMETINIB POTASSIUM;DEFACTINIB HYDROCHLORIDE,1
AXITINIB,2
AZACITIDINE,16
AZATHIOPRINE,6
AZATHIOPRINE SODIUM,1
AZELAIC ACID,6
AZELASTINE HYDROCHLORIDE,11
AZELASTINE HYDROCHLORIDE;FLUTICASONE PROPIONATE,4
AZILSARTAN KAMEDOXOMIL,1
AZILSARTAN KAMEDOXOMIL;CHLORTHALIDONE,2
AZITHROMYCIN,23
AZTREONAM,4
BACITRACIN,1
BACITRACIN ZINC;HYDROCORTISONE ACETATE;NEOMYCIN SULFATE;POLYMYXIN B SULFATE,1
BACITRACIN ZINC;HYDROCORTISONE;NEOMYCIN SULFATE;POLYMYXIN B SULFATE,1
BACITRACIN ZINC;NEOMYCIN SULFATE;POLYMYXIN B SULFATE,3
BACITRACIN ZINC;POLYMYXIN B SULFATE,2
BACLOFEN,24
BALOXAVIR MARBOXIL,1
BALSALAZIDE DISODIUM,6
BARICITINIB,2
BARIUM SULFATE,1
"BAZEDOXIFENE ACETATE;ESTROGENS, CONJUGATED",1
BECLOMETHASONE DIPROPIONATE,3
BEDAQUILINE FUMARATE,1
BELINOSTAT,1
BELUMOSUDIL MESYLATE,1
BELZUTIFAN,1
BEMPEDOIC ACID,1
BEMPEDOIC ACID;EZETIMIBE,1
BENAZEPRIL HYDROCHLORIDE,11
BENAZEPRIL HYDROCHLORIDE;HYDROCHLOROTHIAZIDE,4
BENDAMUSTINE HYDROCHLORIDE,9
BENOXINATE HYDROCHLORIDE;FLUORESCEIN SODIUM,2
BENTOQUATAM,1
BENZGALANTAMINE GLUCONATE,1
BENZNIDAZOLE,1
BENZONATATE,9
BENZOYL PEROXIDE,1
BENZOYL PEROXIDE;CLINDAMYCIN PHOSPHATE,9
BENZOYL PEROXIDE;ERYTHROMYCIN,2
BENZOYL PEROXIDE;TRETINOIN,1
BENZPHETAMINE HYDROCHLORIDE,3
BENZTROPINE MESYLATE,12
BEPOTASTINE BESILATE,5
BERDAZIMER SODIUM,1
BEROTRALSTAT DIHYDROCHLORIDE,1
BESIFLOXACIN HYDROCHLORIDE,1
BETAINE,3
BETAMETHASONE ACETATE;BETAMETHASONE SODIUM PHOSPHATE,3
BETAMETHASONE DIPROPIONATE,14
BETAMETHASONE DIPROPIONATE;CALCIPOTRIENE,5
BETAMETHASONE DIPROPIONATE;CLOTRIMAZOLE,4
BETAMETHASONE VALERATE,9
BETAXOLOL HYDROCHLORIDE,6
BETHANECHOL CHLORIDE,4
BEXAGLIFLOZIN,1
BEXAROTENE,9
BICALUTAMIDE,7
BICTEGRAVIR SODIUM;EMTRICITABINE;TENOFOVIR ALAFENAMIDE FUMARATE,1
BIMATOPROST,11
BINIMETINIB,1
BIRCH TRITERPENES,1
BISMUTH SUBCITRATE POTASSIUM;METRONIDAZOLE;TETRACYCLINE HYDROCHLORIDE,3
BISMUTH SUBSALICYLATE;METRONIDAZOLE;TETRACYCLINE HYDROCHLORIDE,1
BISOPROLOL FUMARATE,11
BISOPROLOL FUMARATE;HYDROCHLOROTHIAZIDE,9
BIVALIRUDIN,9
BLEOMYCIN SULFATE,4
BORTEZOMIB,19
BOSENTAN,5
BOSUTINIB MONOHYDRATE,2
BREMELANOTIDE ACETATE,1
BRENSOCATIB,1
BREXPIPRAZOLE,2
BRIGATINIB,1
BRILLIANT BLUE G,1
BRIMONIDINE TARTRATE,15
BRIMONIDINE TARTRATE;BRINZOLAMIDE,1
BRIMONIDINE TARTRATE;CARBACHOL,1
BRIMONIDINE TARTRATE;TIMOLOL MALEATE,10
BRINCIDOFOVIR,2
BRINZOLAMIDE,3
BRIVARACETAM,12
BROMFENAC SODIUM,9
BROMOCRIPTINE MESYLATE,6
BROMPHENIRAMINE MALEATE;DEXTROMETHORPHAN HYDROBROMIDE;PSEUDOEPHEDRINE HYDROCHLORIDE,8
BUDESONIDE,23
BUDESONIDE;FORMOTEROL FUMARATE,1
BUDESONIDE;FORMOTEROL FUMARATE DIHYDRATE,2
BUDESONIDE;FORMOTEROL FUMARATE;GLYCOPYRROLATE,1
BUMETANIDE,21
BUPIVACAINE,1
BUPIVACAINE HYDROCHLORIDE,10
BUPIVACAINE HYDROCHLORIDE;EPINEPHRINE,1
BUPIVACAINE HYDROCHLORIDE;EPINEPHRINE BITARTRATE,3
BUPIVACAINE;MELOXICAM,1
BUPRENORPHINE,7
BUPRENORPHINE HYDROCHLORIDE,12
BUPRENORPHINE HYDROCHLORIDE;NALOXONE HYDROCHLORIDE,17
BUPROPION HYDROBROMIDE,1
BUPROPION HYDROCHLORIDE,29
BUPROPION HYDROCHLORIDE;DEXTROMETHORPHAN HYDROBROMIDE,1
BUPROPION HYDROCHLORIDE;NALTREXONE HYDROCHLORIDE,1
BUSPIRONE HYDROCHLORIDE,15
BUSULFAN,10
BUTENAFINE HYDROCHLORIDE,2
BUTOCONAZOLE NITRATE,1
BUTORPHANOL TARTRATE,4
CABAZITAXEL,3
CABERGOLINE,5
CABOTEGRAVIR,1
CABOTEGRAVIR SODIUM,1
CABOTEGRAVIR;RILPIVIRINE,1
CABOZANTINIB S-MALATE,1
CAFFEINE CITRATE,7
CAFFEINE;ERGOTAMINE TARTRATE,2
CALCIFEDIOL,1
CALCIPOTRIENE,7
CALCITONIN SALMON,10
CALCITRIOL,12
CALCIUM ACETATE,10
CALCIUM CARBONATE;FAMOTIDINE;MAGNESIUM HYDROXIDE,2
CALCIUM CHLORIDE,8
CALCIUM CHLORIDE;DEXTROSE;GLUTATHIONE DISULFIDE;MAGNESIUM CHLORIDE;POTASSIUM CHLORIDE;SODIUM BICARBONATE;SODIUM CHLORIDE;SODIUM PHOSPHATE,1
CALCIUM CHLORIDE;DEXTROSE;LACTIC ACID;MAGNESIUM CHLORIDE;POTASSIUM CHLORIDE;SODIUM BICARBONATE;SODIUM CHLORIDE,1
CALCIUM CHLORIDE;DEXTROSE;MAGNESIUM CHLORIDE;SODIUM CHLORIDE;SODIUM LACTATE,2
"CALCIUM CHLORIDE;DEXTROSE;MAGNESIUM SULFATE;POTASSIUM CHLORIDE;SODIUM BICARBONATE;SODIUM CHLORIDE;SODIUM PHOSPHATE, DIBASIC, HEPTAHYDRATE",1
CALCIUM CHLORIDE;DEXTROSE;POTASSIUM CHLORIDE;SODIUM CHLORIDE;SODIUM LACTATE,3
CALCIUM CHLORIDE;MAGNESIUM CHLORIDE;POTASSIUM CHLORIDE;SODIUM ACETATE;SODIUM CHLORIDE,1
CALCIUM CHLORIDE;MAGNESIUM CHLORIDE;POTASSIUM CHLORIDE;SODIUM ACETATE;SODIUM CHLORIDE;SODIUM CITRATE,2
CALCIUM CHLORIDE;MAGNESIUM CHLORIDE;POTASSIUM CHLORIDE;SODIUM BICARBONATE;SODIUM CHLORIDE;SODIUM PHOSPHATE,1
CALCIUM CHLORIDE;MAGNESIUM CHLORIDE;POTASSIUM CHLORIDE;SODIUM CHLORIDE,3
CALCIUM CHLORIDE;POTASSIUM CHLORIDE;SODIUM CHLORIDE,3
CALCIUM CHLORIDE;POTASSIUM CHLORIDE;SODIUM CHLORIDE;SODIUM LACTATE,4
CALCIUM GLUCONATE,7
CALCIUM OXYBATE;MAGNESIUM OXYBATE;POTASSIUM OXYBATE;SODIUM OXYBATE,1
CANAGLIFLOZIN,1
CANAGLIFLOZIN;METFORMIN HYDROCHLORIDE,1
CANDESARTAN CILEXETIL,6
CANDESARTAN CILEXETIL;HYDROCHLOROTHIAZIDE,6
CANGRELOR,2
CANNABIDIOL,1
CANTHARIDIN,1
CAPECITABINE,11
CAPIVASERTIB,1
CAPMATINIB HYDROCHLORIDE,1
CAPSAICIN,1
CAPTOPRIL,7
CAPTOPRIL;HYDROCHLOROTHIAZIDE,1
CARBACHOL,1
CARBAMAZEPINE,24
CARBIDOPA,6
CARBIDOPA;ENTACAPONE;LEVODOPA,4
CARBIDOPA;LEVODOPA,17
CARBINOXAMINE MALEATE,5
CARBOPLATIN,13
CARBOPROST TROMETHAMINE,12
CARFILZOMIB,2
CARGLUMIC ACID,3
CARIPRAZINE HYDROCHLORIDE,1
CARISOPRODOL,14
CARMUSTINE,9
CARTEOLOL HYDROCHLORIDE,1
CARVEDILOL,11
CARVEDILOL PHOSPHATE,3
CASIMERSEN,1
CASPOFUNGIN ACETATE,5
CEDAZURIDINE;DECITABINE,1
CEFACLOR,2
CEFADROXIL/CEFADROXIL HEMIHYDRATE,3
CEFAZOLIN SODIUM,9
CEFDINIR,6
CEFEPIME HYDROCHLORIDE,7
CEFIDEROCOL SULFATE TOSYLATE,1
CEFIXIME,6
CEFOTETAN DISODIUM,2
CEFOXITIN SODIUM,5
CEFPODOXIME PROXETIL,4
CEFPROZIL,5
CEFTAROLINE FOSAMIL,2
CEFTAZIDIME,2
CEFTOBIPROLE MEDOCARIL SODIUM,1
CEFTOLOZANE SULFATE;TAZOBACTAM SODIUM,1
CEFTRIAXONE SODIUM,12
CEFUROXIME AXETIL,4
CEFUROXIME SODIUM,2
CELECOXIB,21
CENOBAMATE,1
CEPHALEXIN,8
CERITINIB,1
CETIRIZINE HYDROCHLORIDE,34
CETIRIZINE HYDROCHLORIDE;PSEUDOEPHEDRINE HYDROCHLORIDE,5
CETRORELIX ACETATE,6
CEVIMELINE HYDROCHLORIDE,9
CHENODIOL,2
CHLORAMBUCIL,1
CHLORDIAZEPOXIDE HYDROCHLORIDE,3
CHLORDIAZEPOXIDE HYDROCHLORIDE;CLIDINIUM BROMIDE,12
CHLORHEXIDINE GLUCONATE,15
CHLORHEXIDINE GLUCONATE;ISOPROPYL ALCOHOL,3
CHLOROPROCAINE HYDROCHLORIDE,3
CHLOROQUINE PHOSPHATE,4
CHLOROTHIAZIDE SODIUM,5
CHLORPHENIRAMINE MALEATE,1
CHLORPHENIRAMINE MALEATE;CODEINE PHOSPHATE,1
CHLORPHENIRAMINE MALEATE;HYDROCODONE BITARTRATE;PSEUDOEPHEDRINE HYDROCHLORIDE,1
CHLORPHENIRAMINE MALEATE;IBUPROFEN;PHENYLEPHRINE HYDROCHLORIDE,1
CHLORPHENIRAMINE MALEATE;IBUPROFEN;PSEUDOEPHEDRINE HYDROCHLORIDE,1
CHLORPHENIRAMINE POLISTIREX;HYDROCODONE POLISTIREX,1
CHLORPROMAZINE HYDROCHLORIDE,22
CHLORTHALIDONE,18
CHLORZOXAZONE,11
CHOLESTYRAMINE,11
CHOLIC ACID,1
CHOLINE C-11,2
CHOLINE FENOFIBRATE,8
CHROMIC CHLORIDE,2
CICLESONIDE,1
CICLOPIROX,12
CIDOFOVIR,2
CILASTATIN SODIUM;IMIPENEM,3
CILASTATIN SODIUM;IMIPENEM;RELEBACTAM,1
CILOSTAZOL,5
CIMETIDINE,7
CIMETIDINE HYDROCHLORIDE,2
CINACALCET HYDROCHLORIDE,10
CIPROFLOXACIN,5
CIPROFLOXACIN HYDROCHLORIDE,20
CIPROFLOXACIN HYDROCHLORIDE;FLUOCINOLONE ACETONIDE,1
CIPROFLOXACIN HYDROCHLORIDE;HYDROCORTISONE,2
CIPROFLOXACIN;CIPROFLOXACIN HYDROCHLORIDE,1
CIPROFLOXACIN;DEXAMETHASONE,6
CISATRACURIUM BESYLATE,10
CISPLATIN,7
CITALOPRAM HYDROBROMIDE,11
CITRIC ACID;GLUCONOLACTONE;MAGNESIUM CARBONATE,1
CITRIC ACID;LACTIC ACID;POTASSIUM BITARTRATE,1
CITRIC ACID;MAGNESIUM OXIDE;SODIUM PICOSULFATE,2
CITRIC ACID;UREA C-13,1
CLADRIBINE,5
CLARITHROMYCIN,10
CLASCOTERONE,1
CLEMASTINE FUMARATE,2
CLEVIDIPINE,1
CLINDAMYCIN HYDROCHLORIDE,8
CLINDAMYCIN PALMITATE HYDROCHLORIDE,7
CLINDAMYCIN PHOSPHATE,24
CLINDAMYCIN PHOSPHATE;TRETINOIN,5
CLOBAZAM,16
CLOBETASOL PROPIONATE,28
CLOCORTOLONE PIVALATE,2
CLOFARABINE,8
CLOMIPHENE CITRATE,6
CLOMIPRAMINE HYDROCHLORIDE,14
CLONAZEPAM,12
CLONIDINE,5
CLONIDINE HYDROCHLORIDE,23
CLOPIDOGREL BISULFATE,16
CLORAZEPATE DIPOTASSIUM,5
CLOTRIMAZOLE,12
CLOZAPINE,7
COBICISTAT,1
COBICISTAT;DARUNAVIR ETHANOLATE,1
COBICISTAT;DARUNAVIR;EMTRICITABINE;TENOFOVIR ALAFENAMIDE FUMARATE,1
COBICISTAT;ELVITEGRAVIR;EMTRICITABINE;TENOFOVIR ALAFENAMIDE FUMARATE,1
COBICISTAT;ELVITEGRAVIR;EMTRICITABINE;TENOFOVIR DISOPROXIL FUMARATE,1
COBIMETINIB FUMARATE,1
COCAINE HYDROCHLORIDE,2
CODEINE PHOSPHATE;PHENYLEPHRINE HYDROCHLORIDE;PROMETHAZINE HYDROCHLORIDE,2
CODEINE PHOSPHATE;PROMETHAZINE HYDROCHLORIDE,5
CODEINE PHOSPHATE;PSEUDOEPHEDRINE HYDROCHLORIDE;TRIPROLIDINE HYDROCHLORIDE,1
CODEINE SULFATE,2
COLCHICINE,17
COLCHICINE;PROBENECID,3
COLESEVELAM HYDROCHLORIDE,10
COLESTIPOL HYDROCHLORIDE,7
COLISTIMETHATE SODIUM,5
COLISTIN SULFATE;HYDROCORTISONE ACETATE;NEOMYCIN SULFATE;THONZONIUM BROMIDE,1
CONIVAPTAN HYDROCHLORIDE,1
COPPER,2
COPPER CU-64 DOTATATE,1
COPPER HISTIDINATE,1
CORTICOTROPIN,2
COSYNTROPIN,2
CRINECERFONT,1
CRISABOROLE,1
CRIZOTINIB,1
CROFELEMER,1
CROMOLYN SODIUM,10
CROTAMITON,2
CUPRIC CHLORIDE,5
CUPRIC SULFATE,1
CUPRIC SULFATE;MANGANESE SULFATE;SELENIOUS ACID;ZINC SULFATE,1
CYANOCOBALAMIN,16
CYCLOBENZAPRINE HYDROCHLORIDE,17
CYCLOPENTOLATE HYDROCHLORIDE,3
CYCLOPENTOLATE HYDROCHLORIDE;PHENYLEPHRINE HYDROCHLORIDE,1
CYCLOPHOSPHAMIDE,18
CYCLOSERINE,1
CYCLOSPORINE,18
CYPROHEPTADINE HYDROCHLORIDE,12
CYSTEAMINE BITARTRATE,2
CYSTEAMINE HYDROCHLORIDE,2
CYSTEINE HYDROCHLORIDE,1
CYTARABINE,7
CYTARABINE;DAUNORUBICIN,1
DABIGATRAN ETEXILATE MESYLATE,9
DABRAFENIB MESYLATE,1
DACARBAZINE,3
DACOMITINIB,1
DACTINOMYCIN,4
DALBAVANCIN HYDROCHLORIDE,5
DALFAMPRIDINE,6
DALTEPARIN SODIUM,1
DANAZOL,2
DANICOPAN,1
DANTROLENE SODIUM,6
DAPAGLIFLOZIN,1
DAPAGLIFLOZIN;METFORMIN HYDROCHLORIDE,1
DAPSONE,17
DAPTOMYCIN,20
DARIDOREXANT HYDROCHLORIDE,1
DARIFENACIN HYDROBROMIDE,6
DAROLUTAMIDE,1
DARUNAVIR,11
DASATINIB,10
DAUNORUBICIN HYDROCHLORIDE,4
DECITABINE,16
DEFERASIROX,18
DEFERIPRONE,4
DEFEROXAMINE MESYLATE,5
DEFIBROTIDE SODIUM,1
DEFLAZACORT,9
DEGARELIX ACETATE,1
DEHYDRATED ALCOHOL,6
DELAFLOXACIN MEGLUMINE,1
DELGOCITINIB,1
DEMECLOCYCLINE HYDROCHLORIDE,2
DEOXYCHOLIC ACID,2
DESFLURANE,2
DESIPRAMINE HYDROCHLORIDE,6
DESLORATADINE,7
DESLORATADINE;PSEUDOEPHEDRINE SULFATE,2
DESMOPRESSIN ACETATE,16
DESOGESTREL;ETHINYL ESTRADIOL,12
DESONIDE,10
DESOXIMETASONE,12
DESVENLAFAXINE,1
DESVENLAFAXINE SUCCINATE,10
DEUCRAVACITINIB,1
DEURUXOLITINIB PHOSPHATE,1
DEUTETRABENAZINE,2
DEUTIVACAFTOR;TEZACAFTOR;VANZACAFTOR CALCIUM,1
DEXAMETHASONE,18
DEXAMETHASONE SODIUM PHOSPHATE,9
DEXAMETHASONE;NEOMYCIN SULFATE;POLYMYXIN B SULFATE,4
DEXAMETHASONE;TOBRAMYCIN,5
DEXCHLORPHENIRAMINE MALEATE,1
DEXLANSOPRAZOLE,5
DEXMEDETOMIDINE HYDROCHLORIDE,27
DEXMETHYLPHENIDATE HYDROCHLORIDE,14
DEXMETHYLPHENIDATE HYDROCHLORIDE;SERDEXMETHYLPHENIDATE CHLORIDE,1
DEXRAZOXANE HYDROCHLORIDE,4
DEXTROAMPHETAMINE,1
DEXTROAMPHETAMINE SULFATE,12
DEXTROMETHORPHAN HYDROBROMIDE;GUAIFENESIN,7
DEXTROMETHORPHAN HYDROBROMIDE;GUAIFENESIN;NAPROXEN SODIUM,1
DEXTROMETHORPHAN HYDROBROMIDE;PROMETHAZINE HYDROCHLORIDE,5
DEXTROMETHORPHAN HYDROBROMIDE;QUINIDINE SULFATE,3
DEXTROMETHORPHAN POLISTIREX,3
DEXTROSE,6
DEXTROSE;MAGNESIUM ACETATE;POTASSIUM ACETATE;SODIUM CHLORIDE,1
"DEXTROSE;MAGNESIUM CHLORIDE;POTASSIUM CHLORIDE;POTASSIUM PHOSPHATE, DIBASIC;SODIUM ACETATE",1
"DEXTROSE;MAGNESIUM CHLORIDE;POTASSIUM CHLORIDE;POTASSIUM PHOSPHATE, MONOBASIC;SODIUM CHLORIDE;SODIUM LACTATE",1
"DEXTROSE;MAGNESIUM CHLORIDE;POTASSIUM CHLORIDE;POTASSIUM PHOSPHATE, MONOBASIC;SODIUM LACTATE;SODIUM PHOSPHATE, MONOBASIC ANHYDROUS",1
DEXTROSE;MAGNESIUM CHLORIDE;POTASSIUM CHLORIDE;SODIUM ACETATE;SODIUM CHLORIDE;SODIUM GLUCONATE,1
DEXTROSE;POTASSIUM CHLORIDE,4
DEXTROSE;POTASSIUM CHLORIDE;SODIUM CHLORIDE,4
DEXTROSE;SODIUM CHLORIDE,4
DIATRIZOATE MEGLUMINE,1
DIATRIZOATE MEGLUMINE;DIATRIZOATE SODIUM,4
DIAZEPAM,19
DIAZOXIDE,3
DIAZOXIDE CHOLINE,1
DICHLORPHENAMIDE,3
DICLOFENAC EPOLAMINE,1
DICLOFENAC POTASSIUM,16
DICLOFENAC SODIUM,32
DICLOFENAC SODIUM;MISOPROSTOL,5
DICLOXACILLIN SODIUM,2
DICYCLOMINE HYDROCHLORIDE,20
DIENOGEST;ESTRADIOL VALERATE,1
DIETHYLPROPION HYDROCHLORIDE,2
DIFAMILAST,1
DIFELIKEFALIN ACETATE,1
DIFLORASONE DIACETATE,4
DIFLUNISAL,3
DIFLUPREDNATE,9
DIGOXIN,12
DIHYDROERGOTAMINE MESYLATE,13
DILTIAZEM HYDROCHLORIDE,26
DIMENHYDRINATE,1
DIMERCAPROL,1
DIMETHYL FUMARATE,14
DIMETHYL SULFOXIDE,1
DINOPROSTONE,2
DIPHENHYDRAMINE CITRATE;IBUPROFEN,5
DIPHENHYDRAMINE HYDROCHLORIDE,8
DIPHENHYDRAMINE HYDROCHLORIDE;IBUPROFEN,4
DIPHENHYDRAMINE HYDROCHLORIDE;NAPROXEN SODIUM,5
DIPYRIDAMOLE,8
DIROXIMEL FUMARATE,2
DISOPYRAMIDE PHOSPHATE,3
DISULFIRAM,3
DIVALPROEX SODIUM,22
DOBUTAMINE HYDROCHLORIDE,4
DOCETAXEL,18
DOCOSANOL,6
DOFETILIDE,9
DOLUTEGRAVIR SODIUM,1
DOLUTEGRAVIR SODIUM;LAMIVUDINE,1
DOLUTEGRAVIR SODIUM;RILPIVIRINE HYDROCHLORIDE,1
DONEPEZIL HYDROCHLORIDE,21
DONEPEZIL HYDROCHLORIDE;MEMANTINE HYDROCHLORIDE,5
DONIDALORSEN SODIUM,1
DOPAMINE HYDROCHLORIDE,3
DORAVIRINE,1
DORAVIRINE;LAMIVUDINE;TENOFOVIR DISOPROXIL FUMARATE,1
DORDAVIPRONE HYDROCHLORIDE,1
DORZOLAMIDE HYDROCHLORIDE,9
DORZOLAMIDE HYDROCHLORIDE;TIMOLOL MALEATE,13
DOXAPRAM HYDROCHLORIDE,2
DOXAZOSIN MESYLATE,10
DOXECITINE;DOXRIBTIMINE,1
DOXEPIN HYDROCHLORIDE,26
DOXERCALCIFEROL,9
DOXORUBICIN HYDROCHLORIDE,16
DOXYCYCLINE,17
DOXYCYCLINE HYCLATE,36
DOXYLAMINE SUCCINATE,3
DOXYLAMINE SUCCINATE;PYRIDOXINE HYDROCHLORIDE,5
DRONABINOL,2
DRONEDARONE HYDROCHLORIDE,2
DROPERIDOL,2
DROSPIRENONE,1
DROSPIRENONE;ESTETROL,1
DROSPIRENONE;ESTRADIOL,2
DROSPIRENONE;ETHINYL ESTRADIOL,12
DROSPIRENONE;ETHINYL ESTRADIOL;LEVOMEFOLATE CALCIUM,3
DROXIDOPA,12
DULOXETINE HYDROCHLORIDE,18
DURLOBACTAM SODIUM;DURLOBACTAM SODIUM;SULBACTAM SODIUM,1
DUTASTERIDE,11
DUTASTERIDE;TAMSULOSIN HYDROCHLORIDE,4
DUVELISIB,1
DYCLONINE HYDROCHLORIDE,1
ECHOTHIOPHATE IODIDE,1
ECONAZOLE NITRATE,3
EDARAVONE,7
EDETATE CALCIUM DISODIUM,1
EDOXABAN TOSYLATE,1
EFAVIRENZ,5
EFAVIRENZ;EMTRICITABINE;TENOFOVIR DISOPROXIL FUMARATE,6
EFAVIRENZ;LAMIVUDINE;TENOFOVIR DISOPROXIL FUMARATE,2
EFINACONAZOLE,4
EFLORNITHINE HYDROCHLORIDE,1
ELACESTRANT HYDROCHLORIDE,1
ELAFIBRANOR,1
ELAGOLIX SODIUM,1
"ELAGOLIX SODIUM,ESTRADIOL,NORETHINDRONE ACETATE;ELAGOLIX SODIUM",1
ELAMIPRETIDE HYDROCHLORIDE,1
ELETRIPTAN HYDROBROMIDE,8
"ELEXACAFTOR, IVACAFTOR, TEZACAFTOR;IVACAFTOR",1
ELIGLUSTAT TARTRATE,3
ELINZANETANT,1
ELTROMBOPAG CHOLINE,1
ELTROMBOPAG OLAMINE,7
ELUXADOLINE,1
EMPAGLIFLOZIN,1
EMPAGLIFLOZIN;LINAGLIPTIN,1
EMPAGLIFLOZIN;LINAGLIPTIN;METFORMIN HYDROCHLORIDE,1
EMPAGLIFLOZIN;METFORMIN HYDROCHLORIDE,1
EMTRICITABINE,3
EMTRICITABINE;RILPIVIRINE HYDROCHLORIDE;TENOFOVIR ALAFENAMIDE FUMARATE,2
EMTRICITABINE;RILPIVIRINE HYDROCHLORIDE;TENOFOVIR DISOPROXIL FUMARATE,3
EMTRICITABINE;TENOFOVIR ALAFENAMIDE FUMARATE,2
EMTRICITABINE;TENOFOVIR DISOPROXIL FUMARATE,11
ENALAPRIL MALEATE,14
ENALAPRIL MALEATE;HYDROCHLOROTHIAZIDE,3
ENALAPRILAT,3
ENASIDENIB MESYLATE,1
ENCORAFENIB,1
ENOXAPARIN SODIUM,10
ENSARTINIB HYDROCHLORIDE,1
ENSIFENTRINE,1
ENTACAPONE,8
ENTECAVIR,9
ENTRECTINIB,1
ENZALUTAMIDE,1
EPHEDRINE SULFATE,15
EPINASTINE HYDROCHLORIDE,2
EPINEPHRINE,15
EPINEPHRINE BITARTRATE,1
EPINEPHRINE BITARTRATE;LIDOCAINE HYDROCHLORIDE,1
EPINEPHRINE BITARTRATE;PRILOCAINE HYDROCHLORIDE,2
EPINEPHRINE;LIDOCAINE HYDROCHLORIDE,3
EPIRUBICIN HYDROCHLORIDE,5
EPLERENONE,9
EPLONTERSEN SODIUM,1
EPOPROSTENOL SODIUM,5
EPTIFIBATIDE,8
ERAVACYCLINE DIHYDROCHLORIDE,1
ERDAFITINIB,1
ERGOCALCIFEROL,5
ERGOTAMINE TARTRATE,1
ERIBULIN MESYLATE,9
ERLOTINIB HYDROCHLORIDE,8
ERTAPENEM SODIUM,6
ERTUGLIFLOZIN,1
ERTUGLIFLOZIN;METFORMIN HYDROCHLORIDE,1
ERTUGLIFLOZIN;SITAGLIPTIN PHOSPHATE,1
ERYTHROMYCIN,16
ERYTHROMYCIN ETHYLSUCCINATE,4
ERYTHROMYCIN LACTOBIONATE,3
ESCITALOPRAM OXALATE,16
ESKETAMINE HYDROCHLORIDE,1
ESLICARBAZEPINE ACETATE,9
ESMOLOL HYDROCHLORIDE,9
ESOMEPRAZOLE MAGNESIUM,25
ESOMEPRAZOLE MAGNESIUM;NAPROXEN,3
ESOMEPRAZOLE SODIUM,4
ESTAZOLAM,3
ESTRADIOL,29
ESTRADIOL ACETATE,1
ESTRADIOL CYPIONATE,1
ESTRADIOL VALERATE,4
ESTRADIOL;LEVONORGESTREL,1
ESTRADIOL;NORETHINDRONE ACETATE,8
ESTRADIOL;NORETHINDRONE ACETATE;RELUGOLIX,1
ESTRADIOL;PROGESTERONE,1
"ESTROGENS, CONJUGATED",2
"ESTROGENS, CONJUGATED;MEDROXYPROGESTERONE ACETATE",1
ESTROPIPATE,1
ESZOPICLONE,11
ETELCALCETIDE,1
ETEPLIRSEN,1
ETHACRYNATE SODIUM,4
ETHACRYNIC ACID,8
ETHAMBUTOL HYDROCHLORIDE,3
ETHANOLAMINE OLEATE,1
ETHINYL ESTRADIOL;ETHYNODIOL DIACETATE,4
ETHINYL ESTRADIOL;ETONOGESTREL,5
ETHINYL ESTRADIOL;LEVONORGESTREL,18
ETHINYL ESTRADIOL;NORELGESTROMIN,4
ETHINYL ESTRADIOL;NORETHINDRONE,13
ETHINYL ESTRADIOL;NORETHINDRONE ACETATE,15
ETHINYL ESTRADIOL;NORGESTIMATE,10
ETHINYL ESTRADIOL;NORGESTREL,4
ETHINYL ESTRADIOL;SEGESTERONE ACETATE,1
ETHIODIZED OIL,1
ETHOSUXIMIDE,9
ETODOLAC,11
ETOMIDATE,8
ETONOGESTREL,1
ETOPOSIDE,7
ETOPOSIDE PHOSPHATE,1
ETRASIMOD ARGININE,1
ETRAVIRINE,4
ETRIPAMIL,1
EVEROLIMUS,12
EXEMESTANE,8
EXENATIDE SYNTHETIC,1
EZETIMIBE,13
EZETIMIBE;SIMVASTATIN,5
FAMCICLOVIR,5
FAMOTIDINE,41
FAMOTIDINE;IBUPROFEN,4
FEBUXOSTAT,13
FEDRATINIB HYDROCHLORIDE,1
FELBAMATE,6
FELODIPINE,9
FENFLURAMINE HYDROCHLORIDE,1
FENOFIBRATE,28
FENOPROFEN CALCIUM,1
FENTANYL,4
FENTANYL CITRATE,4
FERRIC CARBOXYMALTOSE,1
FERRIC CITRATE,2
FERRIC DERISOMALTOSE,1
FERRIC HEXACYANOFERRATE(II),1
FERRIC MALTOL,1
FERRIC OXYHYDROXIDE,1
FERUMOXYTOL,2
FESOTERODINE FUMARATE,8
FEXINIDAZOLE,1
FEXOFENADINE HYDROCHLORIDE,15
FEXOFENADINE HYDROCHLORIDE;PSEUDOEPHEDRINE HYDROCHLORIDE,5
FEZOLINETANT,1
FIDAXOMICIN,4
FINASTERIDE,10
FINASTERIDE;TADALAFIL,1
FINERENONE,1
FINGOLIMOD HYDROCHLORIDE,15
FINGOLIMOD LAURYL SULFATE,1
FISH OIL TRIGLYCERIDES,1
FISH OIL;MEDIUM CHAIN TRIGLYCERIDES;OLIVE OIL;SOYBEAN OIL,1
FITUSIRAN SODIUM,1
FLAVOXATE HYDROCHLORIDE,2
FLECAINIDE ACETATE,7
FLIBANSERIN,1
FLORBETABEN F-18,1
FLORBETAPIR F-18,1
FLORTAUCIPIR F-18,1
FLOTUFOLASTAT F-18 GALLIUM,1
FLOXURIDINE,2
FLUCICLOVINE F-18,1
FLUCONAZOLE,19
FLUCYTOSINE,6
FLUDARABINE PHOSPHATE,5
FLUDEOXYGLUCOSE F-18,34
FLUDROCORTISONE ACETATE,4
FLUMAZENIL,7
FLUNISOLIDE,3
FLUOCINOLONE ACETONIDE,16
FLUOCINOLONE ACETONIDE;HYDROQUINONE;TRETINOIN,1
FLUOCINOLONE ACETONIDE;NEOMYCIN SULFATE,1
FLUOCINONIDE,17
FLUORESCEIN SODIUM,3
FLUORODOPA F-18,1
FLUOROESTRADIOL F-18,1
FLUOROMETHOLONE,3
FLUOROMETHOLONE ACETATE,1
FLUOROURACIL,13
FLUOXETINE HYDROCHLORIDE,25
FLUOXETINE HYDROCHLORIDE;OLANZAPINE,3
FLUPHENAZINE DECANOATE,7
FLUPHENAZINE HYDROCHLORIDE,17
FLURANDRENOLIDE,3
FLURAZEPAM HYDROCHLORIDE,2
FLURBIPROFEN,1
FLURBIPROFEN SODIUM,1
FLURPIRIDAZ F-18,1
FLUTAMIDE,1
FLUTEMETAMOL F-18,1
FLUTICASONE FUROATE,2
FLUTICASONE FUROATE;UMECLIDINIUM BROMIDE;VILANTEROL TRIFENATATE,1
FLUTICASONE FUROATE;VILANTEROL TRIFENATATE,1
FLUTICASONE PROPIONATE,15
FLUTICASONE PROPIONATE;SALMETEROL XINAFOATE,6
FLUVASTATIN SODIUM,4
FLUVOXAMINE MALEATE,8
FOLIC ACID,11
FOMEPIZOLE,4
FONDAPARINUX SODIUM,5
FORMOTEROL FUMARATE,11
FORMOTEROL FUMARATE;GLYCOPYRROLATE,1
FORMOTEROL FUMARATE;MOMETASONE FUROATE,1
FOSAMPRENAVIR CALCIUM,2
FOSAPREPITANT DIMEGLUMINE,13
FOSCARBIDOPA;FOSLEVODOPA,1
FOSCARNET SODIUM,6
FOSDENOPTERIN HYDROBROMIDE,1
FOSFOMYCIN DISODIUM,1
FOSFOMYCIN TROMETHAMINE,6
FOSINOPRIL SODIUM,5
FOSINOPRIL SODIUM;HYDROCHLOROTHIAZIDE,3
FOSNETUPITANT CHLORIDE HYDROCHLORIDE;PALONOSETRON HYDROCHLORIDE,1
FOSPHENYTOIN SODIUM,7
FOSTAMATINIB DISODIUM,1
FOSTEMSAVIR TROMETHAMINE,1
FROVATRIPTAN SUCCINATE,4
FRUQUINTINIB,1
FULVESTRANT,15
FUROSEMIDE,26
FUTIBATINIB,1
GABAPENTIN,30
GABAPENTIN ENACARBIL,1
GADOBENATE DIMEGLUMINE,1
GADOBUTROL,3
GADODIAMIDE,1
GADOPICLENOL,1
GADOTERATE MEGLUMINE,3
GADOTERIDOL,2
GADOXETATE DISODIUM,1
GALANTAMINE HYDROBROMIDE,10
GALLIUM CITRATE GA-67,1
GALLIUM DOTATATE GA-68,1
GALLIUM GA-68 EDOTREOTIDE,2
GALLIUM GA-68 GOZETOTIDE,5
GANAXOLONE,1
GANCICLOVIR,1
GANCICLOVIR SODIUM,5
GANIRELIX ACETATE,8
GATIFLOXACIN,3
GEFITINIB,5
GEMCITABINE HYDROCHLORIDE,16
GEMFIBROZIL,9
GENTAMICIN SULFATE,11
GEPIRONE HYDROCHLORIDE,1
GEPOTIDACIN MESYLATE,1
GILTERITINIB FUMARATE,1
GIVINOSTAT HYDROCHLORIDE,1
GIVOSIRAN SODIUM,1
GLASDEGIB MALEATE,1
GLATIRAMER ACETATE,7
GLECAPREVIR;PIBRENTASVIR,1
GLIMEPIRIDE,8
GLIMEPIRIDE;PIOGLITAZONE HYDROCHLORIDE,2
GLIPIZIDE,12
GLIPIZIDE;METFORMIN HYDROCHLORIDE,4
GLUCAGON,5
GLUCAGON HYDROCHLORIDE,1
GLYBURIDE,8
GLYBURIDE;METFORMIN HYDROCHLORIDE,5
GLYCEROL PHENYLBUTYRATE,2
GLYCINE,3
GLYCOPYRROLATE,39
GLYCOPYRROLATE;NEOSTIGMINE METHYLSULFATE,1
GLYCOPYRRONIUM TOSYLATE,1
GOLODIRSEN,1
GOSERELIN ACETATE,1
GRAMICIDIN;NEOMYCIN SULFATE;POLYMYXIN B SULFATE,2
GRANISETRON,2
GRANISETRON HYDROCHLORIDE,13
"GRISEOFULVIN, MICROSIZE",6
"GRISEOFULVIN, ULTRAMICROSIZE",5
GUAIFENESIN,10
GUAIFENESIN;PSEUDOEPHEDRINE HYDROCHLORIDE,6
GUANFACINE HYDROCHLORIDE,19
HALCINONIDE,4
HALOBETASOL PROPIONATE,6
HALOBETASOL PROPIONATE;TAZAROTENE,2
HALOPERIDOL,10
HALOPERIDOL DECANOATE,9
HALOPERIDOL LACTATE,7
HEPARIN SODIUM,13
HEPARIN SODIUM;TAUROLIDINE,1
HEXACHLOROPHENE,1
HEXAMINOLEVULINATE HYDROCHLORIDE,1
HISTRELIN ACETATE,1
HOMATROPINE METHYLBROMIDE;HYDROCODONE BITARTRATE,7
HYDRALAZINE HYDROCHLORIDE,17
HYDRALAZINE HYDROCHLORIDE;ISOSORBIDE DINITRATE,3
HYDROCHLOROTHIAZIDE,13
HYDROCHLOROTHIAZIDE;IRBESARTAN,10
HYDROCHLOROTHIAZIDE;LISINOPRIL,9
HYDROCHLOROTHIAZIDE;LOSARTAN POTASSIUM,11
HYDROCHLOROTHIAZIDE;METOPROLOL TARTRATE,4
HYDROCHLOROTHIAZIDE;MOEXIPRIL HYDROCHLORIDE,1
HYDROCHLOROTHIAZIDE;OLMESARTAN MEDOXOMIL,11
HYDROCHLOROTHIAZIDE;QUINAPRIL HYDROCHLORIDE,2
HYDROCHLOROTHIAZIDE;SPIRONOLACTONE,3
HYDROCHLOROTHIAZIDE;TELMISARTAN,7
HYDROCHLOROTHIAZIDE;TRIAMTERENE,9
HYDROCHLOROTHIAZIDE;VALSARTAN,8
HYDROCODONE BITARTRATE,2
HYDROCODONE BITARTRATE;IBUPROFEN,3
HYDROCORTISONE,20
HYDROCORTISONE ACETATE,2
HYDROCORTISONE ACETATE;PRAMOXINE HYDROCHLORIDE,2
HYDROCORTISONE BUTYRATE,7
HYDROCORTISONE SODIUM SUCCINATE,3
HYDROCORTISONE VALERATE,5
HYDROCORTISONE;NEOMYCIN SULFATE;POLYMYXIN B SULFATE,5
HYDROMORPHONE HYDROCHLORIDE,10
HYDROXOCOBALAMIN,2
HYDROXYCHLOROQUINE SULFATE,15
HYDROXYUREA,7
HYDROXYZINE HYDROCHLORIDE,18
HYDROXYZINE PAMOATE,6
IBANDRONATE SODIUM,9
IBREXAFUNGERP CITRATE,1
IBRUTINIB,1
IBUPROFEN,37
IBUPROFEN LYSINE,2
IBUPROFEN SODIUM,1
IBUPROFEN;PHENYLEPHRINE HYDROCHLORIDE,2
IBUPROFEN;PSEUDOEPHEDRINE HYDROCHLORIDE,5
IBUTILIDE FUMARATE,3
ICATIBANT ACETATE,9
ICODEXTRIN,1
ICOSAPENT ETHYL,12
IDARUBICIN HYDROCHLORIDE,3
IDELALISIB,2
IFOSFAMIDE,4
ILOPERIDONE,1
ILOPROST,1
IMATINIB MESYLATE,14
IMETELSTAT SODIUM,1
IMIPRAMINE HYDROCHLORIDE,5
IMIPRAMINE PAMOATE,2
IMIQUIMOD,5
IMLUNESTRANT TOSYLATE,1
INAMRINONE LACTATE,1
INAVOLISIB,1
INCLISIRAN SODIUM,1
INDAPAMIDE,3
INDIGOTINDISULFONATE SODIUM,1
INDIUM IN-111 OXYQUINOLINE,2
INDIUM IN-111 PENTETATE DISODIUM,1
INDIUM IN-111 PENTETREOTIDE KIT,2
INDOCYANINE GREEN,2
INDOMETHACIN,18
IOBENGUANE SULFATE I-123,1
IODINE POVACRYLEX;ISOPROPYL ALCOHOL,1
IODIXANOL,2
IOFLUPANE I-123,2
IOHEXOL,2
IOMEPROL,1
IOPAMIDOL,2
IOPROMIDE,1
IOTHALAMATE MEGLUMINE,1
IOTHALAMATE SODIUM I-125,1
IOVERSOL,1
IPRATROPIUM BROMIDE,11
IPTACOPAN HYDROCHLORIDE,1
IRBESARTAN,16
IRINOTECAN HYDROCHLORIDE,17
IRON DEXTRAN,1
IRON SUCROSE,4
ISAVUCONAZONIUM SULFATE,1
ISOCARBOXAZID,1
ISOFLURANE,5
ISONIAZID,5
ISOPROPYL ALCOHOL,1
ISOPROTERENOL HYDROCHLORIDE,11
ISOSORBIDE DINITRATE,6
ISOSORBIDE MONONITRATE,9
ISOSULFAN BLUE,4
ISOTRETINOIN,10
ISRADIPINE,2
ISTRADEFYLLINE,1
ITRACONAZOLE,10
IVABRADINE,1
IVABRADINE HYDROCHLORIDE,6
IVACAFTOR,1
"IVACAFTOR;IVACAFTOR, TEZACAFTOR",1
IVACAFTOR;LUMACAFTOR,1
IVERMECTIN,13
IVOSIDENIB,1
IXABEPILONE,1
IXAZOMIB CITRATE,1
KETAMINE HYDROCHLORIDE,8
KETOCONAZOLE,13
KETOPROFEN,3
KETOROLAC TROMETHAMINE,23
KETOROLAC TROMETHAMINE;PHENYLEPHRINE HYDROCHLORIDE,2
KETOTIFEN FUMARATE,5
L-GLUTAMINE,2
LABETALOL HYDROCHLORIDE,19
LACOSAMIDE,30
LACTULOSE,12
LAMIVUDINE,11
LAMIVUDINE;TENOFOVIR DISOPROXIL FUMARATE,1
LAMIVUDINE;ZIDOVUDINE,7
LAMOTRIGINE,24
LANDIOLOL HYDROCHLORIDE,1
LANREOTIDE ACETATE,2
LANSOPRAZOLE,18
LANTHANUM CARBONATE,5
LAPATINIB DITOSYLATE,3
LAROTRECTINIB SULFATE,1
LASMIDITAN SUCCINATE,1
LATANOPROST,10
LATANOPROST;NETARSUDIL DIMESYLATE,1
LATANOPROSTENE BUNOD,2
LAZERTINIB MESYLATE,1
LEDIPASVIR;SOFOSBUVIR,1
LEFAMULIN ACETATE,1
LEFLUNOMIDE,10
LEMBOREXANT,1
LENACAPAVIR SODIUM,1
LENALIDOMIDE,19
LENIOLISIB PHOSPHATE,1
LENVATINIB MESYLATE,1
LETERMOVIR,2
LETROZOLE,6
LETROZOLE;RIBOCICLIB SUCCINATE,1
LEUCOVORIN CALCIUM,12
LEUPROLIDE ACETATE,12
LEUPROLIDE MESYLATE,1
LEVACETYLLEUCINE,1
LEVALBUTEROL HYDROCHLORIDE,7
LEVALBUTEROL TARTRATE,1
LEVETIRACETAM,55
LEVOBUNOLOL HYDROCHLORIDE,2
LEVOCARNITINE,7
LEVOCETIRIZINE DIHYDROCHLORIDE,15
LEVODOPA,1
LEVOFLOXACIN,21
LEVOKETOCONAZOLE,1
LEVOLEUCOVORIN,1
LEVOLEUCOVORIN CALCIUM,5
LEVOMILNACIPRAN HYDROCHLORIDE,2
LEVONORGESTREL,15
LEVORPHANOL TARTRATE,5
LEVOTHYROXINE SODIUM,21
LIDOCAINE,21
LIDOCAINE HYDROCHLORIDE,28
LIDOCAINE;PRILOCAINE,6
LIDOCAINE;TETRACAINE,1
LIFITEGRAST,1
LINACLOTIDE,1
LINAGLIPTIN,8
LINAGLIPTIN;METFORMIN HYDROCHLORIDE,5
LINCOMYCIN HYDROCHLORIDE,5
LINEZOLID,20
LIOTHYRONINE SODIUM,8
LIRAGLUTIDE,7
LISDEXAMFETAMINE DIMESYLATE,20
LISINOPRIL,13
LITHIUM CARBONATE,9
LITHIUM CITRATE,2
LOFEXIDINE HYDROCHLORIDE,4
LOMITAPIDE MESYLATE,1
LOMUSTINE,2
LONAFARNIB,1
LOPERAMIDE HYDROCHLORIDE,15
LOPERAMIDE HYDROCHLORIDE;SIMETHICONE,6
LOPINAVIR;RITONAVIR,6
LORATADINE,22
LORATADINE;PSEUDOEPHEDRINE SULFATE,5
LORAZEPAM,17
LORLATINIB,1
LOSARTAN POTASSIUM,19
LOTEPREDNOL ETABONATE,7
LOTEPREDNOL ETABONATE;TOBRAMYCIN,2
LOTILANER,1
LOVASTATIN,7
LOXAPINE,1
LOXAPINE SUCCINATE,3
LUBIPROSTONE,6
LULICONAZOLE,1
LUMASIRAN SODIUM,1
LUMATEPERONE TOSYLATE,1
LURASIDONE HYDROCHLORIDE,17
LURBINECTEDIN,1
LUSUTROMBOPAG,1
LUTETIUM LU 177 DOTATATE,1
LUTETIUM LU-177 VIPIVOTIDE TETRAXETAN,1
MACITENTAN,6
MACITENTAN;TADALAFIL,1
MAFENIDE ACETATE,1
"MAGNESIUM CHLORIDE;POTASSIUM CHLORIDE;POTASSIUM PHOSPHATE, MONOBASIC;SODIUM ACETATE;SODIUM CHLORIDE;SODIUM GLUCONATE;SODIUM PHOSPHATE, DIBASIC, HEPTAHYDRATE",1
MAGNESIUM CHLORIDE;POTASSIUM CHLORIDE;SODIUM ACETATE;SODIUM CHLORIDE;SODIUM GLUCONATE,4
MAGNESIUM CHLORIDE;SODIUM BICARBONATE;SODIUM CHLORIDE,1
MAGNESIUM SULFATE,11
MAGNESIUM SULFATE;POLYETHYLENE GLYCOL 3350;POTASSIUM CHLORIDE;SODIUM CHLORIDE;SODIUM SULFATE,1
"MAGNESIUM SULFATE;POTASSIUM CHLORIDE;POTASSIUM PHOSPHATE, MONOBASIC;SODIUM CHLORIDE;SODIUM PHOSPHATE",1
MAGNESIUM SULFATE;POTASSIUM CHLORIDE;SODIUM SULFATE,1
MAGNESIUM SULFATE;POTASSIUM SULFATE;SODIUM SULFATE,8
MALATHION,1
MANGANESE CHLORIDE,2
MANNITOL,6
MANNITOL;SORBITOL,1
MARALIXIBAT CHLORIDE,1
MARAVIROC,5
MARIBAVIR,1
MAVACAMTEN,1
MAVORIXAFOR,1
MEBENDAZOLE,1
MECAMYLAMINE HYDROCHLORIDE,1
MECHLORETHAMINE HYDROCHLORIDE,1
MECLIZINE HYDROCHLORIDE,10
MECLOFENAMATE SODIUM,1
MEDROXYPROGESTERONE ACETATE,7
MEFENAMIC ACID,4
MEFLOQUINE HYDROCHLORIDE,2
MEGESTROL ACETATE,5
MELOXICAM,16
MELOXICAM;RIZATRIPTAN BENZOATE,1
MELPHALAN HYDROCHLORIDE,15
MEMANTINE HYDROCHLORIDE,25
MENTHOL;METHYL SALICYLATE,1
MEPERIDINE HYDROCHLORIDE,5
MEPIVACAINE HYDROCHLORIDE,2
MEPROBAMATE,2
MERCAPTOPURINE,5
MEROPENEM,9
MEROPENEM;VABORBACTAM,1
MESALAMINE,27
MESNA,7
METAPROTERENOL SULFATE,1
METARAMINOL BITARTRATE,1
METAXALONE,7
METFORMIN HYDROCHLORIDE,40
METFORMIN HYDROCHLORIDE;PIOGLITAZONE HYDROCHLORIDE,5
METFORMIN HYDROCHLORIDE;SAXAGLIPTIN HYDROCHLORIDE,2
METFORMIN HYDROCHLORIDE;SITAGLIPTIN,1
METFORMIN HYDROCHLORIDE;SITAGLIPTIN PHOSPHATE,2
METHACHOLINE CHLORIDE,1
METHADONE HYDROCHLORIDE,12
METHAMPHETAMINE HYDROCHLORIDE,3
METHAZOLAMIDE,6
METHENAMINE HIPPURATE,7
METHIMAZOLE,8
METHOCARBAMOL,20
METHOHEXITAL SODIUM,2
METHOTREXATE,2
METHOTREXATE SODIUM,16
METHOXSALEN,3
METHSCOPOLAMINE BROMIDE,3
METHSUXIMIDE,2
METHYLDOPA,1
METHYLENE BLUE,8
METHYLERGONOVINE MALEATE,8
METHYLNALTREXONE BROMIDE,1
METHYLPHENIDATE,3
METHYLPHENIDATE HYDROCHLORIDE,34
METHYLPREDNISOLONE,7
METHYLPREDNISOLONE ACETATE,10
METHYLPREDNISOLONE SODIUM SUCCINATE,6
METHYLTESTOSTERONE,2
METOCLOPRAMIDE HYDROCHLORIDE,11
METOLAZONE,10
METOPROLOL SUCCINATE,20
METOPROLOL TARTRATE,17
METRONIDAZOLE,32
METYRAPONE,1
METYROSINE,4
MEXILETINE HYDROCHLORIDE,8
MICAFUNGIN SODIUM,12
MICONAZOLE,1
MICONAZOLE NITRATE,7
MICONAZOLE NITRATE;WHITE PETROLATUM;ZINC OXIDE,1
MIDAZOLAM,5
MIDAZOLAM HYDROCHLORIDE,9
MIDODRINE HYDROCHLORIDE,13
MIDOSTAURIN,3
MIFEPRISTONE,5
MIGALASTAT HYDROCHLORIDE,1
MIGLITOL,1
MIGLUSTAT,5
MILNACIPRAN HYDROCHLORIDE,4
MILRINONE LACTATE,10
MILSAPERIDONE,1
MILTEFOSINE,1
MINOCYCLINE HYDROCHLORIDE,15
MINOXIDIL,10
MIRABEGRON,7
MIRDAMETINIB,1
MIRTAZAPINE,12
MISOPROSTOL,4
MITAPIVAT SULFATE,1
MITOMYCIN,8
MITOTANE,1
MITOXANTRONE HYDROCHLORIDE,4
MODAFINIL,7
MOEXIPRIL HYDROCHLORIDE,3
MOLINDONE HYDROCHLORIDE,1
MOMELOTINIB DIHYDROCHLORIDE,1
MOMETASONE FUROATE,13
MOMETASONE FUROATE;OLOPATADINE HYDROCHLORIDE,1
MONOMETHYL FUMARATE,1
MONTELUKAST SODIUM,21
MORPHINE SULFATE,17
MOTIXAFORTIDE ACETATE,1
MOXIDECTIN,1
MOXIFLOXACIN HYDROCHLORIDE,22
MUPIROCIN,7
MUPIROCIN CALCIUM,5
MYCOPHENOLATE MOFETIL,19
MYCOPHENOLATE MOFETIL HYDROCHLORIDE,8
MYCOPHENOLATE SODIUM,11
NABUMETONE,8
NADOLOL,10
NAFARELIN ACETATE,1
NAFCILLIN SODIUM,6
NAFTIFINE HYDROCHLORIDE,4
NALBUPHINE HYDROCHLORIDE,2
NALDEMEDINE TOSYLATE,1
NALMEFENE HYDROCHLORIDE,3
NALOXEGOL OXALATE,1
NALOXONE HYDROCHLORIDE,24
NALOXONE HYDROCHLORIDE;PENTAZOCINE HYDROCHLORIDE,3
NALTREXONE,1
NALTREXONE HYDROCHLORIDE,6
NAPHAZOLINE HYDROCHLORIDE;PHENIRAMINE MALEATE,5
NAPROXEN,16
NAPROXEN SODIUM,21
NAPROXEN SODIUM;PSEUDOEPHEDRINE HYDROCHLORIDE,3
NAPROXEN SODIUM;SUMATRIPTAN SUCCINATE,4
NARATRIPTAN HYDROCHLORIDE,4
NATAMYCIN,1
NATEGLINIDE,6
NAVEPEGRITIDE,1
NEBIVOLOL HYDROCHLORIDE,15
NEBIVOLOL HYDROCHLORIDE;VALSARTAN,1
NEDOSIRAN SODIUM,1
NEFAZODONE HYDROCHLORIDE,1
NELARABINE,11
NELFINAVIR MESYLATE,1
NEOMYCIN SULFATE,2
NEOMYCIN SULFATE;POLYMYXIN B SULFATE,1
NEOSTIGMINE METHYLSULFATE,16
NEPAFENAC,1
NERANDOMILAST,1
NERATINIB MALEATE,1
NETARSUDIL MESYLATE,1
NETUPITANT;PALONOSETRON HYDROCHLORIDE,1
NEVIRAPINE,7
NIACIN,10
NICARDIPINE HYDROCHLORIDE,20
NICOTINE,4
NICOTINE POLACRILEX,8
NIFEDIPINE,15
NIFURTIMOX,1
NILOTINIB D-TARTRATE,1
NILOTINIB HYDROCHLORIDE,6
NILOTINIB TARTRATE,1
NILUTAMIDE,2
NIMODIPINE,6
NINTEDANIB ESYLATE,1
NIRAPARIB TOSYLATE,1
NIRMATRELVIR;RITONAVIR,1
NIROGACESTAT HYDROBROMIDE,1
NISOLDIPINE,3
NITAZOXANIDE,3
NITISINONE,5
NITRIC OXIDE,4
NITROFURANTOIN,10
"NITROFURANTOIN, MACROCRYSTALLINE",7
"NITROFURANTOIN;NITROFURANTOIN, MACROCRYSTALLINE",8
NITROGLYCERIN,22
NIZATIDINE,4
NOREPINEPHRINE BITARTRATE,20
NORETHINDRONE,9
NORETHINDRONE ACETATE,5
NORGESTREL,1
NORTRIPTYLINE HYDROCHLORIDE,5
NUSINERSEN SODIUM,1
NYSTATIN,24
NYSTATIN;TRIAMCINOLONE ACETONIDE,13
OCTREOTIDE ACETATE,12
ODEVIXIBAT,1
OFLOXACIN,15
OLANZAPINE,26
OLANZAPINE PAMOATE,1
OLANZAPINE;SAMIDORPHAN L-MALATE,1
OLAPARIB,1
OLEZARSEN SODIUM,1
OLIVE OIL;SOYBEAN OIL,1
OLMESARTAN MEDOXOMIL,20
OLODATEROL HYDROCHLORIDE,1
OLODATEROL HYDROCHLORIDE;TIOTROPIUM BROMIDE,1
OLOPATADINE HYDROCHLORIDE,13
OLSALAZINE SODIUM,1
OLUTASIDENIB,1
OMADACYCLINE TOSYLATE,1
OMAVELOXOLONE,1
OMEGA-3-ACID ETHYL ESTERS,12
OMEPRAZOLE,15
OMEPRAZOLE MAGNESIUM,8
OMEPRAZOLE;SODIUM BICARBONATE,13
OMIDENEPAG ISOPROPYL,1
ONDANSETRON,6
ONDANSETRON HYDROCHLORIDE,18
OPICAPONE,1
ORITAVANCIN DIPHOSPHATE,1
ORLISTAT,2
ORPHENADRINE CITRATE,7
OSELTAMIVIR PHOSPHATE,27
OSILODROSTAT PHOSPHATE,1
OSIMERTINIB MESYLATE,1
OSPEMIFENE,1
OTESECONAZOLE,1
OXACILLIN SODIUM,6
OXALIPLATIN,14
OXAPROZIN,6
OXAZEPAM,4
OXCARBAZEPINE,23
OXICONAZOLE NITRATE,3
OXYBUTYNIN,2
OXYBUTYNIN CHLORIDE,21
OXYCODONE,1
OXYCODONE HYDROCHLORIDE,21
OXYMETAZOLINE HYDROCHLORIDE,3
OXYMETAZOLINE HYDROCHLORIDE;TETRACAINE HYDROCHLORIDE,1
OXYMORPHONE HYDROCHLORIDE,7
OXYTOCIN,5
OZANIMOD HYDROCHLORIDE,1
PACLITAXEL,16
PACRITINIB CITRATE,1
PAFOLACIANINE SODIUM,1
PALBOCICLIB,1
PALIPERIDONE,12
PALIPERIDONE PALMITATE,2
PALONOSETRON HYDROCHLORIDE,14
PALOPEGTERIPARATIDE,1
PALOVAROTENE,1
PALTUSOTINE HYDROCHLORIDE,1
PAMIDRONATE DISODIUM,6
PANCURONIUM BROMIDE,1
PANTOPRAZOLE SODIUM,32
PARICALCITOL,12
PAROMOMYCIN SULFATE,1
PAROXETINE HYDROCHLORIDE,17
PAROXETINE MESYLATE,3
PASIREOTIDE DIASPARTATE,1
PASIREOTIDE PAMOATE,1
PATIROMER SORBITEX CALCIUM,1
PATISIRAN SODIUM,1
PAZOPANIB HYDROCHLORIDE,7
PEGCETACOPLAN,1
PEGULICIANINE ACETATE,1
PEMETREXED,2
PEMETREXED DIPOTASSIUM,1
PEMETREXED DISODIUM,17
PEMIGATINIB,1
PENCICLOVIR,5
PENICILLAMINE,10
PENICILLIN G BENZATHINE,1
PENICILLIN G BENZATHINE;PENICILLIN G PROCAINE,1
PENICILLIN G POTASSIUM,6
PENICILLIN G PROCAINE,1
PENICILLIN G SODIUM,1
PENICILLIN V POTASSIUM,4
PENTAMIDINE ISETHIONATE,5
PENTOBARBITAL SODIUM,4
PENTOSAN POLYSULFATE SODIUM,1
PENTOSTATIN,2
PENTOXIFYLLINE,3
PERAMIVIR,1
PERAMPANEL,4
PERFLUOROHEXYLOCTANE,1
PERFLUTREN,1
PERINDOPRIL ERBUMINE,1
PERMETHRIN,6
PERPHENAZINE,9
PEXIDARTINIB HYDROCHLORIDE,1
PHENDIMETRAZINE TARTRATE,5
PHENELZINE SULFATE,2
PHENOBARBITAL SODIUM,1
PHENOXYBENZAMINE HYDROCHLORIDE,5
PHENTERMINE HYDROCHLORIDE,12
PHENTERMINE HYDROCHLORIDE;TOPIRAMATE,3
PHENTOLAMINE MESYLATE,4
PHENYLEPHRINE HYDROCHLORIDE,20
PHENYLEPHRINE HYDROCHLORIDE;PROMETHAZINE HYDROCHLORIDE,2
PHENYTOIN,5
PHENYTOIN SODIUM,8
PHYTONADIONE,15
PIFLUFOLASTAT F-18,1
PILOCARPINE HYDROCHLORIDE,13
PIMAVANSERIN TARTRATE,1
PIMECROLIMUS,3
PIMOZIDE,1
PINDOLOL,5
PIOGLITAZONE HYDROCHLORIDE,12
PIPERACILLIN SODIUM,1
PIPERACILLIN SODIUM;TAZOBACTAM SODIUM,11
PIRFENIDONE,15
PIROXICAM,7
PIRTOBRUTINIB,1
PITAVASTATIN CALCIUM,9
PITAVASTATIN MAGNESIUM,1
PITOLISANT HYDROCHLORIDE,1
PIVMECILLINAM HYDROCHLORIDE,1
PLAZOMICIN SULFATE,1
PLECANATIDE,1
PLERIXAFOR,9
PLOZASIRAN SODIUM,1
PODOFILOX,2
POLIDOCANOL,2
POLYETHYLENE GLYCOL 3350,11
POLYETHYLENE GLYCOL 3350;POTASSIUM CHLORIDE;SODIUM BICARBONATE;SODIUM CHLORIDE,3
POLYETHYLENE GLYCOL 3350;POTASSIUM CHLORIDE;SODIUM BICARBONATE;SODIUM CHLORIDE;SODIUM SULFATE ANHYDROUS,3
POLYMYXIN B SULFATE,4
POLYMYXIN B SULFATE;TRIMETHOPRIM SULFATE,4
POMALIDOMIDE,6
PONATINIB HYDROCHLORIDE,1
PONESIMOD,1
PORFIMER SODIUM,1
POSACONAZOLE,21
POTASSIUM ACETATE,3
POTASSIUM CHLORIDE,40
POTASSIUM CHLORIDE;SODIUM CHLORIDE,4
POTASSIUM CITRATE,9
POTASSIUM IODIDE,3
"POTASSIUM PHOSPHATE, DIBASIC;POTASSIUM PHOSPHATE, MONOBASIC",6
POVIDONE-IODINE,2
PRALATREXATE,2
PRALIDOXIME CHLORIDE,1
PRALSETINIB,1
PRAMIPEXOLE DIHYDROCHLORIDE,16
PRASTERONE,1
PRASUGREL HYDROCHLORIDE,7
PRAVASTATIN SODIUM,12
PRAZIQUANTEL,1
PRAZOSIN HYDROCHLORIDE,10
PREDNICARBATE,1
PREDNISOLONE,9
PREDNISOLONE ACETATE,4
PREDNISOLONE SODIUM PHOSPHATE,8
PREDNISOLONE SODIUM PHOSPHATE;SULFACETAMIDE SODIUM,1
PREDNISONE,13
PREGABALIN,29
PRETOMANID,1
PRILOCAINE HYDROCHLORIDE,1
PRIMAQUINE PHOSPHATE,3
PRIMIDONE,8
PROBENECID,3
PROBENECID;SULOPENEM ETZADROXIL,1
PROCAINAMIDE HYDROCHLORIDE,5
PROCARBAZINE HYDROCHLORIDE,1
PROCHLORPERAZINE,2
PROCHLORPERAZINE EDISYLATE,9
PROCHLORPERAZINE MALEATE,10
PROGESTERONE,11
PROMETHAZINE HYDROCHLORIDE,16
PROPAFENONE HYDROCHLORIDE,10
PROPARACAINE HYDROCHLORIDE,6
PROPOFOL,10
PROPRANOLOL HYDROCHLORIDE,17
PROPYLTHIOURACIL,4
PROTAMINE SULFATE,1
PROTRIPTYLINE HYDROCHLORIDE,2
PRUCALOPRIDE SUCCINATE,17
PSEUDOEPHEDRINE HYDROCHLORIDE,3
PURIFIED WATER,1
PYRAZINAMIDE,3
PYRIDOSTIGMINE BROMIDE,13
PYRIDOXINE HYDROCHLORIDE,1
PYRIMETHAMINE,4
QUAZEPAM,1
QUETIAPINE FUMARATE,17
QUINAPRIL HYDROCHLORIDE,4
QUINIDINE GLUCONATE,2
QUINIDINE SULFATE,1
QUININE SULFATE,4
QUIZARTINIB DIHYDROCHLORIDE,1
RABEPRAZOLE SODIUM,9
RADIUM RA-223 DICHLORIDE,1
RALOXIFENE HYDROCHLORIDE,9
RALTEGRAVIR POTASSIUM,2
RAMELTEON,10
RAMIPRIL,9
RANITIDINE HYDROCHLORIDE,4
RANOLAZINE,20
RASAGILINE MESYLATE,11
REGADENOSON,13
REGORAFENIB,1
RELUGOLIX,1
REMDESIVIR,1
REMIBRUTINIB,1
REMIFENTANIL HYDROCHLORIDE,4
REMIMAZOLAM BESYLATE,1
REPAGLINIDE,4
REPOTRECTINIB,1
RESMETIROM,1
REVEFENACIN,1
REVUMENIB CITRATE,1
REZAFUNGIN ACETATE,1
RIBAVIRIN,4
RIBOCICLIB SUCCINATE,1
RIBOFLAVIN 5'-PHOSPHATE SODIUM,1
RIFABUTIN,2
RIFAMPIN,9
RIFAPENTINE,1
RIFAXIMIN,1
RILPIVIRINE HYDROCHLORIDE,2
RILUZOLE,5
RILZABRUTINIB,1
RIMANTADINE HYDROCHLORIDE,1
RIMEGEPANT SULFATE,1
RIOCIGUAT,2
RIPRETINIB,1
RISDIPLAM,1
RISEDRONATE SODIUM,7
RISPERIDONE,29
RITLECITINIB TOSYLATE,1
RITONAVIR,6
RIVAROXABAN,18
RIVASTIGMINE,6
RIVASTIGMINE TARTRATE,8
RIZATRIPTAN BENZOATE,10
ROCURONIUM BROMIDE,19
ROFLUMILAST,11
ROLAPITANT HYDROCHLORIDE,1
ROMIDEPSIN,2
ROPINIROLE HYDROCHLORIDE,13
ROPIVACAINE HYDROCHLORIDE,13
ROSUVASTATIN CALCIUM,19
ROTIGOTINE,1
RUBIDIUM CHLORIDE RB-82,2
RUCAPARIB CAMSYLATE,1
RUFINAMIDE,12
RUXOLITINIB PHOSPHATE,1
SACUBITRIL;VALSARTAN,15
SAFINAMIDE MESYLATE,4
SALMETEROL XINAFOATE,1
SAPROPTERIN DIHYDROCHLORIDE,9
SARECYCLINE HYDROCHLORIDE,1
SAXAGLIPTIN HYDROCHLORIDE,3
SCOPOLAMINE,8
SEBETRALSTAT,1
SECNIDAZOLE,1
SECRETIN SYNTHETIC HUMAN,1
SELADELPAR LYSINE,1
SELEGILINE,1
SELEGILINE HYDROCHLORIDE,5
SELENIOUS ACID,6
SELENIUM SULFIDE,1
SELEXIPAG,2
SELINEXOR,1
SELPERCATINIB,1
SELUMETINIB SULFATE,1
SEMAGLUTIDE,1
SEPIAPTERIN,1
SERTACONAZOLE NITRATE,1
SERTRALINE HYDROCHLORIDE,20
SETMELANOTIDE ACETATE,1
SEVABERTINIB,1
SEVELAMER CARBONATE,18
SEVELAMER HYDROCHLORIDE,6
SEVOFLURANE,6
SILDENAFIL CITRATE,27
SILODOSIN,10
SILVER SULFADIAZINE,3
SIMVASTATIN,13
SINCALIDE,2
SINECATECHINS,1
SIPONIMOD,2
SIROLIMUS,13
SITAGLIPTIN,1
SITAGLIPTIN HYDROCHLORIDE,1
SITAGLIPTIN PHOSPHATE,4
SODIUM ACETATE,6
SODIUM BENZOATE;SODIUM PHENYLACETATE,3
SODIUM BICARBONATE,9
SODIUM CHLORIDE,15
SODIUM FERRIC GLUCONATE COMPLEX,2
SODIUM FLUORIDE F-18,16
SODIUM IODIDE I-123,2
SODIUM IODIDE I-131,2
SODIUM NITRITE,1
SODIUM NITRITE;SODIUM THIOSULFATE,1
SODIUM NITROPRUSSIDE,12
SODIUM OXYBATE,4
SODIUM PHENYLBUTYRATE,6
"SODIUM PHOSPHATE, DIBASIC, ANHYDROUS;SODIUM PHOSPHATE, MONOBASIC, MONOHYDRATE",1
"SODIUM PHOSPHATE, DIBASIC, HEPTAHYDRATE;SODIUM PHOSPHATE, MONOBASIC, MONOHYDRATE",4
SODIUM POLYSTYRENE SULFONATE,9
SODIUM TETRADECYL SULFATE,2
SODIUM THIOSULFATE,2
SODIUM ZIRCONIUM CYCLOSILICATE,1
SOFOSBUVIR,1
SOFOSBUVIR;VELPATASVIR,1
SOFOSBUVIR;VELPATASVIR;VOXILAPREVIR,1
SOFPIRONIUM BROMIDE,1
SOLIFENACIN SUCCINATE,17
SOLRIAMFETOL HYDROCHLORIDE,1
SONIDEGIB PHOSPHATE,1
SORAFENIB TOSYLATE,6
SORBITOL,2
SOTAGLIFLOZIN,1
SOTALOL HYDROCHLORIDE,10
SOTORASIB,1
SOYBEAN OIL,2
SPARSENTAN,1
SPINOSAD,1
SPIRONOLACTONE,14
STERILE WATER FOR INJECTION,11
STERILE WATER FOR IRRIGATION,4
STIRIPENTOL,1
STREPTOMYCIN SULFATE,1
STRONTIUM CHLORIDE SR-89,1
SUCCIMER,1
SUCCINYLCHOLINE CHLORIDE,21
SUCRALFATE,14
SUFENTANIL CITRATE,3
SUGAMMADEX SODIUM,3
SULCONAZOLE NITRATE,1
SULFACETAMIDE SODIUM,5
SULFADIAZINE,1
SULFAMETHOXAZOLE;TRIMETHOPRIM,13
SULFASALAZINE,5
SULFUR HEXAFLUORIDE LIPID-TYPE A MICROSPHERES,1
SULINDAC,3
SUMATRIPTAN,6
SUMATRIPTAN SUCCINATE,20
SUNITINIB MALATE,9
SUNVOZERTINIB,1
SUVOREXANT,1
SUZETRIGINE,1
TACROLIMUS,18
TADALAFIL,31
TAFAMIDIS,1
TAFENOQUINE SUCCINATE,2
TAFLUPROST,4
TALAZOPARIB TOSYLATE,1
TALC,2
TALETRECTINIB ADIPATE,1
TAMOXIFEN CITRATE,6
TAMSULOSIN HYDROCHLORIDE,12
TAPENTADOL HYDROCHLORIDE,4
TAPINAROF,1
TASIMELTEON,4
TAVABOROLE,5
TAZAROTENE,7
TAZEMETOSTAT HYDROBROMIDE,1
TECHNETIUM TC-99M BICISATE KIT,1
TECHNETIUM TC-99M EXAMETAZIME KIT,2
TECHNETIUM TC-99M LABELED CARBON,1
TECHNETIUM TC-99M MEBROFENIN KIT,2
TECHNETIUM TC-99M MEDRONATE,1
TECHNETIUM TC-99M MEDRONATE KIT,2
TECHNETIUM TC-99M MERTIATIDE KIT,4
TECHNETIUM TC-99M OXIDRONATE KIT,1
TECHNETIUM TC-99M PENTETATE KIT,2
TECHNETIUM TC-99M PYROPHOSPHATE KIT,2
TECHNETIUM TC-99M RED BLOOD CELL KIT,1
TECHNETIUM TC-99M SESTAMIBI KIT,4
TECHNETIUM TC-99M SODIUM PERTECHNETATE GENERATOR,2
TECHNETIUM TC-99M SUCCIMER,1
TECHNETIUM TC-99M SULFUR COLLOID KIT,2
TECHNETIUM TC-99M TETROFOSMIN KIT,1
TECHNETIUM TC-99M TILMANOCEPT,1
TECOVIRIMAT,1
TEDIZOLID PHOSPHATE,1
TEDUGLUTIDE,1
TELAVANCIN HYDROCHLORIDE,1
TELMISARTAN,17
TELOTRISTAT ETIPRATE,1
TEMAZEPAM,8
TEMOZOLOMIDE,11
TEMSIROLIMUS,3
TENAPANOR HYDROCHLORIDE,1
TENOFOVIR ALAFENAMIDE FUMARATE,2
TENOFOVIR DISOPROXIL FUMARATE,12
TEPOTINIB HYDROCHLORIDE,1
TERAZOSIN HYDROCHLORIDE,5
TERBINAFINE,1
TERBINAFINE HYDROCHLORIDE,9
TERBUTALINE SULFATE,7
TERCONAZOLE,3
TERIFLUNOMIDE,14
TERIPARATIDE,6
TERLIPRESSIN ACETATE,1
TESTOSTERONE,14
TESTOSTERONE CYPIONATE,11
TESTOSTERONE ENANTHATE,4
TESTOSTERONE UNDECANOATE,4
TETRABENAZINE,9
TETRACAINE HYDROCHLORIDE,3
TETRACYCLINE HYDROCHLORIDE,7
TETRAHYDROZOLINE HYDROCHLORIDE,1
THALIDOMIDE,1
THALLOUS CHLORIDE TL-201,1
THEOPHYLLINE,18
THIAMINE HYDROCHLORIDE,10
THIOGUANINE,1
THIORIDAZINE HYDROCHLORIDE,1
THIOTEPA,11
THIOTHIXENE,3
TIAGABINE HYDROCHLORIDE,2
TICAGRELOR,18
TIGECYCLINE,7
TIMOLOL,2
TIMOLOL MALEATE,19
TINIDAZOLE,4
TIOCONAZOLE,2
TIOPRONIN,6
TIOTROPIUM BROMIDE,2
TIPIRACIL HYDROCHLORIDE;TRIFLURIDINE,3
TIPRANAVIR,1
TIRBANIBULIN,1
TIROFIBAN HYDROCHLORIDE,4
TIRZEPATIDE,1
TIVOZANIB HYDROCHLORIDE,1
TIZANIDINE HYDROCHLORIDE,20
TOBRAMYCIN,20
TOBRAMYCIN SULFATE,9
TOFACITINIB CITRATE,4
TOFERSEN,1
TOLCAPONE,2
TOLMETIN SODIUM,1
TOLTERODINE TARTRATE,13
TOLVAPTAN,7
TOPIRAMATE,27
TOPOTECAN HYDROCHLORIDE,9
TOREMIFENE CITRATE,2
TORSEMIDE,7
TOVORAFENIB,1
TRABECTEDIN,1
TRADIPITANT,1
TRAMADOL HYDROCHLORIDE,13
TRAMETINIB DIMETHYL SULFOXIDE,1
TRANDOLAPRIL,3
TRANDOLAPRIL;VERAPAMIL HYDROCHLORIDE,1
TRANEXAMIC ACID,26
TRANYLCYPROMINE SULFATE,4
TRAVOPROST,9
TRAZODONE HYDROCHLORIDE,13
TREOSULFAN,1
TREPROSTINIL,5
TREPROSTINIL DIOLAMINE,1
TREPROSTINIL SODIUM,1
TRETINOIN,14
TRIAMCINOLONE ACETONIDE,34
TRIAMTERENE,3
TRIAZOLAM,3
TRICLABENDAZOLE,1
TRIENTINE HYDROCHLORIDE,10
TRIENTINE TETRAHYDROCHLORIDE,1
TRIFAROTENE,1
TRIFLUOPERAZINE HYDROCHLORIDE,2
TRIFLURIDINE,2
TRIHEPTANOIN,1
TRIHEXYPHENIDYL HYDROCHLORIDE,5
TRILACICLIB DIHYDROCHLORIDE,1
TRIMETHOBENZAMIDE HYDROCHLORIDE,4
TRIMETHOPRIM,4
TRIMIPRAMINE MALEATE,2
TRIPTORELIN PAMOATE,2
TROFINETIDE,1
TROMETHAMINE,3
TROPICAMIDE,7
TROSPIUM CHLORIDE,10
TROSPIUM CHLORIDE;XANOMELINE TARTRATE,1
TRYPAN BLUE,1
TUCATINIB,1
UBROGEPANT,1
ULIPRISTAL ACETATE,2
UMECLIDINIUM BROMIDE,1
UMECLIDINIUM BROMIDE;VILANTEROL TRIFENATATE,1
UPADACITINIB,1
URIDINE TRIACETATE,1
URSODIOL,14
VADADUSTAT,1
VALACYCLOVIR HYDROCHLORIDE,10
VALBENAZINE TOSYLATE,2
VALGANCICLOVIR HYDROCHLORIDE,12
VALPROATE SODIUM,3
VALPROIC ACID,6
VALRUBICIN,2
VALSARTAN,18
VAMOROLONE,1
VANCOMYCIN HYDROCHLORIDE,24
VANDETANIB,1
VARDENAFIL HYDROCHLORIDE,5
VARENICLINE TARTRATE,22
VASOPRESSIN,12
VECURONIUM BROMIDE,9
VEMURAFENIB,1
VENETOCLAX,1
VENLAFAXINE BESYLATE,1
VENLAFAXINE HYDROCHLORIDE,29
VERAPAMIL HYDROCHLORIDE,21
VERICIGUAT,1
VERTEPORFIN,1
VIBEGRON,1
VIGABATRIN,17
VILAZODONE HYDROCHLORIDE,6
VILOXAZINE HYDROCHLORIDE,1
VILTOLARSEN,1
VIMSELTINIB,1
VINBLASTINE SULFATE,2
VINCRISTINE SULFATE,1
VINORELBINE TARTRATE,4
VISMODEGIB,1
VITAMIN A PALMITATE,1
VOCLOSPORIN,1
VONOPRAZAN FUMARATE,1
VORASIDENIB,1
VORICONAZOLE,23
VORINOSTAT,1
VORTIOXETINE HYDROBROMIDE,1
VOSORITIDE,1
VUTRISIRAN SODIUM,1
WARFARIN SODIUM,6
XENON XE-129 HYPERPOLARIZED,1
XENON XE-133,2
ZAFIRLUKAST,5
ZALEPLON,5
ZANAMIVIR,1
ZANUBRUTINIB,1
ZAVEGEPANT HYDROCHLORIDE,1
ZICONOTIDE ACETATE,1
ZIDOVUDINE,5
ZIFTOMENIB,1
ZILEUTON,4
ZILUCOPLAN SODIUM,1
ZINC ACETATE,1
ZINC CHLORIDE,4
ZINC SULFATE,9
ZIPRASIDONE HYDROCHLORIDE,8
ZIPRASIDONE MESYLATE,4
ZOLEDRONIC ACID,16
ZOLIFLODACIN,1
ZOLMITRIPTAN,11
ZOLPIDEM TARTRATE,15
ZONGERTINIB,1
ZONISAMIDE,9
ZURANOLONE,1
